EFFECT,PRODUCT
frameshift_variant c.2292delT p.Phe764fs,hypothetical protein
frameshift_variant c.2377_2378delAG p.Ser793fs,hypothetical protein
frameshift_variant c.1252_1253insT p.Gly418fs,hypothetical protein
frameshift_variant c.1292_1293insC p.Glu431fs,Regulatory protein AtoC
missense_variant c.913G>T p.Val305Phe,2-oxoglutarate carboxylase small subunit
missense_variant c.715T>A p.Trp239Arg,Lysophospholipid transporter LplT
missense_variant c.802C>A p.Pro268Thr,hypothetical protein
frameshift_variant c.1139_1140delCT p.Ser380fs,hypothetical protein
frameshift_variant c.102dupA p.Glu35fs,hypothetical protein
missense_variant c.2963C>T p.Ala988Val,Sensor histidine kinase RcsC
missense_variant c.598G>A p.Asp200Asn,4-diphosphocytidyl-2-C-methyl-D-erythritol kinase
missense_variant c.1603A>G p.Ile535Val,Methanol dehydrogenase [cytochrome c] subunit 1
missense_variant c.344G>A p.Arg115His,hypothetical protein
missense_variant c.352T>G p.Ser118Ala,Nitrate/nitrite binding protein NrtA
missense_variant c.1109C>A p.Thr370Lys,Membrane-bound lytic murein transglycosylase F
frameshift_variant c.16delA p.Ile6fs,Peptidoglycan-associated lipoprotein
missense_variant c.257G>A p.Ser86Asn,hypothetical protein
missense_variant c.521G>A p.Gly174Asp,Protein FecR
missense_variant c.314G>A p.Gly105Glu,Protein FecR
missense_variant c.935G>T p.Ser312Ile,hypothetical protein
synonymous_variant c.1143G>A p.Glu381Glu,hypothetical protein
frameshift_variant c.65dupT p.Ser23fs,hypothetical protein
intergenic_region n.171284A>G ,tRNA-Leu
missense_variant c.616T>C p.Ser206Pro,ATP synthase subunit a
missense_variant c.193A>G p.Thr65Ala,Biotin carboxylase
missense_variant c.1633A>T p.Thr545Ser,putative TonB-dependent receptor BfrD
missense_variant c.1052C>T p.Ala351Val,putative TonB-dependent receptor BfrD
missense_variant c.1244G>A p.Gly415Glu,hypothetical protein
missense_variant c.604C>T p.Pro202Ser,Carboxymethylenebutenolidase
missense_variant c.85G>A p.Glu29Lys,Glutamate synthase [NADPH] small chain
synonymous_variant c.366G>A p.Gly122Gly,hypothetical protein
synonymous_variant c.564C>T p.Gly188Gly,hypothetical protein
missense_variant c.2093C>T p.Ala698Val,Polyribonucleotide nucleotidyltransferase
frameshift_variant c.868dupT p.Trp290fs,Cell division coordinator CpoB
missense_variant c.978T>G p.Asp326Glu,hypothetical protein
